2565,Finn & Porter,"""http://www.embassysuites3.hilton.com/en/hotels/district-of-columbia/embassy-suites-by-hilton-washington-dc-convention-center-WASCCES/dining/finn-porter.html""",115646981813705,,finn-and-porter-washington-2
2753,Acacia Bistro,http://acaciabistro.com,155303599902,,acacia-bistro-and-wine-bar-washington-2
3073,Alphonse Italian Market & Osteria,http://alphonsedc.com,1477603402486916,,alphonse-italian-market-and-osteria-washington
3223,American Ice Company,http://amicodc.com,140157376041744,,american-ice-company-washington
2625,Annie's Paramount Steakhouse,http://annies.biz,133277061455,,
2821,Arcuri,http://arcuridc.com,582572371757178,,arcuri-washington
3145,Asia 54,http://asia54washington.com,375252485912393,,asia-54-washington-2
2459,Bar 7,http://bar7dc.com/home.html,dcbar7,http://bar7dc.com/,bar-7-washington
3137,Barcelona Wine Bar,http://barcelonawinebar.com,bwb14th,,barcelona-wine-bar-cathedral-heights-washington-2
2500,Ardeo + Bardeo,http://bardeo.com,126854174017025,,ardeo-washington
2405,Barrel,http://barreldc.com,barrel.dc,,barrel-washington
2324,Bedrock Billiards,http://bedrockbilliards-hub.com,BedrockBilliards,http://www.bedrockbilliards.com/,bedrock-billiards-washington
2409,Beuchert's Saloon,http://beuchertssaloon.com,BeuchertsSaloon,,beucherts-saloon-washington
2930,Bidwell,http://bidwelldc.com/,Bidwelldc,,bidwell-washington
2836,Biergarten Haus,http://biergartenhaus.com,biergarten.haus,,biergarten-haus-washington
2407,Bistro Cacao,http://bistrocacao.com,bistrocacaowashingtondc,,bistro-cacao-washington-2
3150,Juniper,http://bit.ly/wWpDIs,JuniperDC,http://juniperdc.com/,juniper-restaurant-washington-3
2547,BlackFinn American Saloon,http://blackfinndc.com,BlackfinnAmeripub,,blackfinn-ameripub-washington-2
2750,BlackSalt,http://blacksaltrestaurant.com,blacksalt,,blacksalt-washington
2637,The Board Room,http://boardroomdc.com,BoardRoomDc,,board-room-washington
2956,Boss Shepherd's Restaurant & Whiskey Bar,http://boss-shepherds.com,BossShepherds,,boss-shepherds-washington
2323,Bossa,http://bossadc.com,bossadc,,bossa-washington
2837,Boundary Road Restaurant,http://boundaryrd.com,boundaryrd,,boundary-road-washington
3252,Bourbon,http://bourbondc.com,bourbondc,,bourbon-washington-2
2415,Boxcar Tavern,http://boxcardc.com/index.html,BoxcarDC,http://www.boxcartaverndc.com/,boxcar-tavern-washington
2390,Brookland Pint,http://brooklandpint.com,1394059057521063,,brookland-pint-washington-10
2633,Bub and Pop's,http://bubandpops.com,327378517376896,,
2331,Bukom Cafe,http://bukomcafe.com,118816544847390,,
2736,Burger Tap & Shake,http://burgertapshake.com/burgertap.html,BurgerTapShake,,
3045,Cafe 8,http://cafe8dc.com,14773054978,,
2412,Cafe Berlin,http://cafeberlin-dc.com,cafeberlindc,,
2771,CafÃ© Bonaparte,http://cafebonaparte.com,cafebonaparte,,
2961,Capitol City Brewing Company,http://capcitybrew.com,CapCityBrewDC,,
2416,Capitol Lounge,http://capitolloungedc.com,bryson.lefmann,,
2468,Carving Room Kitchen & Bar,http://carvingroom.com,carvingroom,,
3138,Casa Luca,http://casalucadc.com,1376468385899576,,
2328,Cashion's Eat Place,http://cashionseatplace.com,CashionsEatPlace,,
2557,Catch 15,http://catch15dc.com,Catch15DC,,
3027,Chaplin,http://chaplinrestaurantdc.com,chaplinrestaurantdc,,
2735,Charm Thai,http://charmthaiwashingtondc.com,1484507635158536,,
3257,Circa,http://circaatclarendon.com,CIRCAatClarendon,,
2644,Circa,http://circaatdupont.com,CIRCAatDupont,,
2737,Circa,http://circaatfoggybottom.com,CIRCAatFoggyBottom,,
2598,Le Bar,http://colettebarandbistro.com,SofitelDC,http://www.iciurbanbistro.com/Le-Bar,
3090,Compass Rose,http://compassrosedc.com,compassrosetavern,,
2505,Cleveland Park Bar & Grill,http://cpbargrill.com,190054637402,,
2515,Creme Restaurant & Bar,http://creme14th.com,creme14th,,
2971,Cuba Libre Restaurant & Rum Bar,http://cubalibrerestaurant.com/en/washington/,CubaLibreRestaurantDC,,
3028,Dacha Beer Garden,http://dachadc.com,DachaBeerGarden,,
2841,Dangerously Delicious Pies,http://dangerouspiesdc.com,dangerouspiesdc,,
2531,Maple,http://dc-maple.com,dc.maple,,
2811,Paper Moon Restaurant,http://dc-papermoon.com,papermoongeorgetown,http://www.papermoongeorgetown.com/,
2934,DC Boathouse,http://dcboathouserestaurant.com/,162982277087072,,
3080,DC Noodles,http://dcnoodles.com,125098157507720,,
3112,Pure Lounge,http://dcpurelounge.com/,PureLoungeDC,,
3237,Redline,http://dcredline.com,497560660301933,,
3057,DeCarlo's,http://decarlosrestaurant.com/,DeCarlosRestaurant,,
3096,Desperados,http://desperadosburgersbar.com,DesperadosBurgersAndBar,http://www.desperadosburger.com/,
3097,Dickson Wine Bar,http://dicksonwinebar.com,DicksonWine,,
2339,The Diner,http://dinerdc.com,DinerDC,,
3098,Dino's Grotto,http://dinoinshaw.com,DinoInShaw,,
2844,Driftwood Kitchen,http://driftwooddc.com,DriftwoodDC,,
2921,Due South,http://duesouthdc.com/about/,DueSouthDC,,
3022,Dulcinea Bar and Grill,http://dulcineabarandgrill.com,246650838743217,,
2558,Eden,http://edendc.com,EdenWashingtonDC,,
2559,Edgar Bar and Kitchen,http://edgarbarandkitchen.com,EDGARBarandKitchen,,
2519,El Chucho Cocina Superior,http://elchuchodc.com/,elchuchodc,,
3225,Ezme Restaurant & Wine Bar,http://ezmedc.com,271610831997,,
2777,Clyde's,http://facebook.com/clydesrestaurantgroup,ClydesRestaurant,http://www.clydes.com/gallery-place,
3233,FadÃ³ Irish Pub & Restaurant,http://fadoirishpub.com,fadodc,http://www.fadoirishpub.com/washington,
3107,The Fainting Goat,http://faintinggoatdc.com,Faintinggoatdc,,
2474,Flight,http://flightdc.com,flightwinebardc,,
2577,Froggy Bottom Pub,http://froggybottompub.com,FroggyBottomPub,,
2579,Georgia Brown's,http://gbrowns.com,GeorgiaBrownsRestaurant,,
2899,Ghibellina,http://ghibellina.com,GhibellinaDC,,
2922,Gordon Biersch Brewery Restaurant,http://gordonbiersch.com,GBNavyYard,http://gordonbiersch.com/locations/navy-yard?action=view,
2984,Gordon Biersch Brewery Restaurant,http://gordonbiersch.com,GBWashingtonDC,http://gordonbiersch.com/locations/washington-dc?action=view,
2850,Granville Moore's,http://granvillemoores.com,GranvilleMoores,,
3061,Guapo's,http://guaposrestaurant.com,GuaposRestaurant,,
2974,Haad Thai,http://haadthairestaurant.com,,,
2852,Halftime Sports Bar,http://halftimesportsbaronh.com,Halftimesportsbaronh,,
3230,Harry's Restaurant,http://harryssaloon.com,499359980170955,,
2781,Hashi Sushi,http://hashisushidc.com,hashisushi,,
2422,Hawk 'n' Dove,http://hawkndovedc.com/,hawkndoveDC,,
2913,Haydee's Restaurant,http://haydees.us,,,
2987,Hill Country Backyard Barbecue,http://hillcountryny.com,,http://hillcountry.com/dc/,
2340,Himalayan Heritage,http://himalayanheritagerestaurant.com,Himalayanheritagedc,http://www.himalayanheritagedc.com/,
3160,Hot N Juicy Crawfish,http://hotnjuicycrawfish.com,hotnjuicycrawfish,,
2851,H Street Country Club,http://hstreetcountryclub.com,55386442548,,
2793,I-Thai,http://i-thairestaurant.com,ithairestaurant.DC,,
2795,Il Canale,http://ilcanaledc.com,ilCanale,,
2843,Impala Cantina,http://impala-dc.com,300674813286820,,
2758,Jake's American Grille,http://jakesdc.com,JakesDC,,
2978,Jaleo,http://jaleo.com,jaleotapasbar,,
2431,Johnny's Half Shell,http://johnnyshalfshell.net,275547919604,,
2796,J. Paul's,http://jpaulsdc.com,J.PaulsGeorgetown,,
3113,Restaurant Judy,http://judyrestaurantdc.com,270779069603037,Delete Website,
2342,Jug & Table,http://jugandtable.com/,jugandtabledc,,
3106,Kapnos,http://kapnosdc.com,KapnosDc,,
2588,Kellari Taverna,http://kellaridc.com,KellariDC,,
2870,Kitty's Saloon,http://kittyssaloon.com,kittyssaloondc,,
2924,Kruba Thai & Sushi,http://krubadc.com,332655340165024,,
2425,La Loma,http://lalomarestaurantdc.com,,,
2932,Langston Bar & Grille,http://langstonbar.com,langston.bar.5,,
2456,La Piquette,http://lapiquettedc.com,1413277205576119,,
2449,La Plaza,http://laplaza.ordersnapp.com,296242683915555,http://www.laplazadc.com/,
2687,Larry's Lounge,http://larryslounge-hub.com,LarrysLoungeDC,,
3086,Chi-Cha Lounge,http://latinconcepts.com/chicha.php,LatinConcepts,,
2659,La Tomate,http://latomatebistro.com,LaTomateDC,,
2760,Le Chat Noir,http://lechatnoirrestaurant.com,114825508583816,,
2854,Le Grenier,http://legrenierdc.com,legrenierdc,,
2661,Level One,http://levelonedc.com,LevelOneDC,,
2743,Lindy's Red Lion,http://lindysredliondc.com,,,
2321,Angles Bar & Billiards,http://littlefountaincafe.com,littlefountaincafe,,
3048,Lola's Barracks Bar & Grill,http://lolasgrilldc.com,LolasDC,,
3161,Macintyre's,http://macintyresdc.com,macintyresdc,,
3066,James Mackey's Public House,http://mackeyspub.com,,,
2702,Maddy's Bar and Grille,http://maddysbarandgrille.com,MaddysBar,,
3232,Mad Fox Taproom,http://madfoxbrewing.com,MadFoxBrewing,,
3067,Mad Hatter,http://madhatterdc.com,madhatterdc,,
2665,Mai Thai,http://maithai.us,525720570775370,,
2982,Mango Tree,http://mangotreedc.com,mangotreedc,,
2600,Mari Vanna,http://marivanna.ru,marivannadc,http://marivanna.ru/washington/,
2881,McClellan's Retreat,http://mcclellansretreat.com,mcclellansretreat,,
3166,Medaterra,http://medaterrarestaurant.com,144700872297156,,
2398,MenomalÃ© Pizza Napoletana,http://menomale.us,menomaledc,,
2705,Mission,http://missiondupont.com/,missiondc,,
2677,Mourayo,http://mourayous.com,Mourayo,,
2806,Mr. Smith's of Georgetown,http://mrsmiths.com,MrSmithsDC,,
2353,Muzette,http://muzette.com,MuzetteKaraoke,,
3162,New Heights Restaurant,http://newheightsrestaurant.com,171539012887980,,
2394,Nido,http://nido-dc.com,nidodc,,
2606,Nooshi,http://nooshidc.com,NooshiCapitolHill,,
3001,NoPa Kitchen + Bar,http://nopadc.com,nopadc,,
2746,Panda Cafe,http://pandacafedc.com,pandagourmetdc,,
2681,Parlay,http://parlaydc.com,ParlayDC,,
3007,Penn Social,http://pennsocialdc.com,PennSocialDC,,
2523,Pete's New Haven Style Apizza,http://petesapizza.com,PetesNewHavenColumbiaHeights,,
3125,Piola,http://pioladc.com,PiolaWashingtonDC,http://www.piola.it/local-washington-dc/cities/display,
2584,P.J. Clarke's,http://pjclarkes.com/dc/,PJClarkes,,
2873,Po Boy Jim,http://poboyjimdc.com,poboyjimdc,,
2611,Post Pub,http://postpubdc.com,PostPubDc,,
2914,Purple Patch,http://purplepatchdc.com,purplepatchdc,,
2713,Rebellion,http://rebelliondc.com/,rebellion18th,,
2612,Recessions,http://recessionsdc.com,recessions.dc,,
2992,Red Apron Butchery,http://redapronbutchery.com,redapronbutcher,,
3021,Red Derby,http://redderby.com,189690539080,,
3127,Red Lounge Bar & Grill,http://redloungedc.com,redloungedc,,
2860,Red Rocks Neopolitan Bistro,http://redrocksdc.com,RedRocksPizzeria,http://www.redrockshstreet.com/,
2900,Rice,http://ricerestaurant.com,,,
2782,El Centro D.F.,http://richardsandoval.com/elcentrogtown/,elcentrodf,,
2482,Royal Thai,http://royalthaidc.com,RoyalThaiDc,,
2367,Rumba CafÃ©,http://rumbacafe.com,RumbaCafeDC,,
2614,Rural Society,http://ruralsocietyrestaurant.com,RuralSocietyDC,,
3078,Cafe Saint-Ex,http://saint-ex.com,cafesaintex,,
2453,Satellite Room,http://satellitedc.com,satelliteroomdc,,
2729,Senart's Oyster & Chop House,http://senartsdc.com,SenartsDC,,
2718,Sette Osteria,http://setteosteria-hub.com,SetteOsteriaDC,,
2509,Siam House,http://siamhousedc.com,,,
3175,Slate Wine Bar + Bistro,http://slatewinebar.com,SlateWineBar,,
2909,Slipstream,http://slipstreamdc.com,slipstreamDC,,
2397,Smith Public Trust,http://smithpublictrustdc.com,publictrustdc,,
2368,Smoke & Barrel,http://smokeandbarreldc.com,smokeandbarreldc,,
3153,Soi 38,http://soi38dc.com,soi38dc,,
2831,Sprig & Sprout,http://sprig-and-sprout.com,SprigandSprout,,
2721,St. Arnold's,http://starnoldsdc.com/home,starnoldsonjefferson,,
2513,St. Arnold's,http://starnoldsmusselbar.com/#,starnoldsonjefferson,,
2400,Steel Plate,http://steelplatedc.com,233766243454029,,
2462,Bar Louie,http://t.co/6m5uO0JOqN,BarLouie,http://www.barlouie.com/,
3041,Table,http://tabledc.com,TableDC,,
3131,Taqueria Nacional,http://taquerianacional.co,TaqueriaNacional,,
2903,Teak Wood,http://teakwooddc.com,Teakwood-Thai-and-Sushi,,
2706,Teddy & The Bully Bar,http://teddyandthebullybar.com,TeddyAndTheBullyBar,,
2724,Thai Chef,http://thaichefsushibardc.com,,,
2904,Thai Tanic Restaurant,http://thaitanicrestaurant.webs.com,,http://www.thaitanic.us/,
2865,The Big Board,http://thebigboarddc.com,thebigboarddc,,
2634,The Big Hunt,http://thebighunt.net,bighuntdc,,
2919,The Big Stick,http://thebigstick.com,thebigstickdc,,
3242,The Meeting Place,http://themeetingplacedc.net,themeetingplacedc,,
3110,The Prospect,http://theprospectdc.com,theprospectdc,,
2691,The Riggsby,http://theriggsby.com,TheRiggsby,,
2725,Thomas Foolery,http://thomasfoolerydc.com/,392504794203100,,
3132,Tico DC,http://ticodc.com,TicoDC,,
2722,STK,http://togrp.com/washington-dc/,TheONEGroupUS,,
2749,Tonic Restaurant,http://tonicrestaurantdc.com,TonicAtQuigleysPharmacy,,
2877,Toscana Cafe,http://toscanacafe-hub.com,111190432251541,Delete Website,
3050,Trusty's,http://trustysdc.com,trustysdc,,
2374,Tryst,http://trystdc.com,TrystDC,,
3051,The Ugly Mug,http://uglymugdc.com,TheUglyMugDC,,
2446,Union Pub,http://unionpubdc.com,unionpubdc,,
2488,Vapiano,http://vapianowashington.com,vapianodcmstreet,http://us.vapiano.com/en/restaurants/vapiano-m-street-1800-m-street-nw-1/,
2927,Willie's Brew & Que,http://williesbrewnque.com,williesbrewnque,,
2538,14K Restaurant & Lounge,http://www.14krestaurant.com,HamiltonCrowne,,
3203,1831 Bar and Lounge,http://www.1831dc.com/,1831dc,,
3069,1905 Restaurant,http://www.1905dc.com,1905dc,,
2401,201 Bar,http://www.201bar.com,201bar,,
3053,21st Amendment Bar & Grill,http://www.21stamendmentdc.com/,129725823743251,,
2730,The 51st State Tavern,http://www.51ststatetavern.com,51stStateTavernDc,,
2948,701 Restaurant,http://www.701restaurant.com,701Restaurant,,
3215,A BAR + Kitchen,http://www.abardc.com,ABar2500DC,,
2457,Absolute Thai,http://www.absolutethairestaurantdc.com,895922423790368,,
2539,Acadiana,http://www.acadianarestaurant.com/acadiana.html,acadianarestaurant,,
2404,Art and Soul,http://www.affinia.com,ArtandSoulDC,http://www.artandsouldc.com/,
2916,Agua 301,http://www.agua301.com,Agua301,,
2514,The Airedale,http://www.airedaledc.com,airedaledc,,
2458,Alba Osteria,http://www.albaosteriadc.com,AlbaOsteriaDC,,
3144,Al Dente,http://www.aldentedc.com,aldentedc,,
2623,Alero Restaurant,http://www.alerorestaurant.com,alero.u.street,,
2403,Ambar Balkan Cuisine,http://www.ambarrestaurant.com,EATBALKAN,,
2731,Ancora,http://www.ancoradc.com,,Delete,
3024,A & D Neighborhood Bar,http://www.andbardc.com,AnDBarDC,,
2624,Ankara,http://www.ankaradc.net,ankararestaurantdc,,
2834,The Argonaut,http://www.argonautdc.com,61957111021,,
2816,Sequoia,http://www.arkrestaurants.com/sequoia_dc.html,SequoiaDC,,
2443,Thunder Grill,http://www.arkrestaurants.com/thunder_grill.html,ThunderGrill,,
2950,Asia Nine,http://www.asianine.com,AsiaNine,http://www.asianine.com/dc/,
2460,Asian Spice,http://www.asianspice.us,324209214201,,
2322,Astor Mediterranean,http://www.astorfoods.com,106931009369809,,
2499,Atomic Billiards,http://www.atomicbilliards.com,191132998143,,
2951,Austin Grill,http://www.austingrill.com,,,
2885,Baan Thai / Tsunami Sushi,http://www.baanthaidc.com,TsunamiSushiDC,,
3043,Banana Cafe and Piano Bar,http://www.bananacafedc.com,BananaCafePianoBar,,
3224,Barcelona Wine Bar,http://www.barcelonawinebar.com/washingtondc.htm,bwb14th,,
2627,Bar Charley,http://www.barcharley.com/,barcharleydc,,
3158,Bar Civita,http://www.barcivita.com,barcivitadc,,
3136,Bar Deco,http://www.bardecodc.com,bardecodc,,
3076,Bar Pilar,http://www.barpilar.com,barpilar,,
2733,Bayou,http://www.bayouonpenn.com,324996767598292,,
2631,Beacon Bar and Grill,http://www.bbgwdc.com,77091063293,,
2408,BÃ©arnaise,http://www.bearnaiserestaurant.com,BearnaiseRestaurant,,
3077,Ben's Next Door,http://www.bensnextdoor.com,bensnextdoor,,
2732,Bertucci's,http://www.bertuccis.com,bertuccisbrickoven,,
2952,Bibiana Osteria & Enoteca,http://www.bibianadc.com,145107355010,,
2378,Big Bear Cafe,http://www.bigbearcafe-dc.com,BigBearCafeDC,,
2410,Billy Goat Tavern,http://www.billygoattavern.com/,DCBillyGoats,,
3074,Bin 1301,http://www.bin1301dc.com,BIN1301,,
2635,Bistro Bistro,http://www.bistrobistrodc.com,BistroBistroDC,,
3026,Bistro Bohem,http://www.bistrobohem.com,bistrobohem,,
2764,Bistrot Lepic & Wine Bar,http://www.bistrotlepic.com,114807988532824,,
3025,BKK Cookshop,http://www.bkkcookshop.com,bkkcookshop,,
3214,Black Jack,http://www.blackjackdc.com,,,
2546,The Black Rooster,http://www.blackroosterpub.com,BlackRoosterPub,,
3219,Blue 44,http://www.blue44dc.com,192745974078397,,
2542,Bobby Van's Grill,http://www.bobbyvans.com,166651190040352,,
2767,Bodega,http://www.bodegadc.com,Bodegadc,,
2638,Boqueria,http://www.boquerianyc.com,,,
2379,Boundary Stone Public House,http://www.boundarystonedc.com,BoundaryStoneDC,,
2483,Lucky Strike,http://www.bowlluckystrike.com/locations/new-york/nyc/,LuckyStrikeWDC,http://www.bowlluckystrike.com/locations/washington-dc/,
2550,Brasserie Beck,http://www.brasseriebeck.com,BrasserieBeck,,
2940,Bravo Bar,http://www.bravobardc.com/,bravobardc,,
3060,Bread & Salt,http://www.breadandsalt.com/,BreadandsaltTenleytown,,
2822,Breadsoda,http://www.breadsoda.com,breadsoda.dc,,
3251,The Brixton,http://www.brixtondc.com,thebrixtondc,,
2886,B Too,http://www.btoo.com,btoodc,,
2640,Buffalo Billiards,http://www.buffalobilliards.com,BuffaloBillDC,http://www.buffalobilliardsdc.com/,
2411,Bullfeathers,http://www.bullfeathersdc.com,BullfeathersDC,http://bullfeathersdc.net/,
2466,Busboys and Poets,http://www.busboysandpoets.com,busboysandpoets,,
2502,Cactus Cantina,http://www.cactuscantina.com,CactusCantinaRestaurant,,
2641,CafÃ© Citron,http://www.cafecitrondc.com,CafeCitron,,
2959,Cafe Mozart,http://www.cafemozartgermandeli.com,,,
2552,Cafe Soleil,http://www.cafesoleildc.com,cafesoleildc,,
2719,Sign of the Whale,http://www.calicojacksnyc.com,thewhaledc,http://www.signofthewhaledc.com/,
2964,Carmine's,http://www.carminesnyc.com/locations/tdny/index.php,carmines,http://www.carminesnyc.com/locations/washington-dc/,
2967,Cedar,http://www.cedardc.com,cedardc,,
2968,Central Michel Richard,http://www.centralmichelrichard.com,CentralMichelRichard,,
3015,Chez Billy,http://www.chezbilly.com,ChezBillySud,,
3201,Cities Restaurant & Lounge,http://www.citieswashington.com,citiesdc,,
2701,City Tap House,http://www.citytaphousedc.com,,,
3063,Kitty O'Shea's DC,http://www.claros-group.com/kittys/,kittyosheasdc,,
2969,Co Co. Sala,http://www.cocosala.com,cocosala,,
2941,Colony Club,http://www.colonyclubdc.com,dccolonyclub,,
2337,Columbia Station,http://www.columbiastationdc.com,ColumbiaStation,,
2892,Commissary,http://www.commissarydc.com,115614378458720,,
2893,Cork,http://www.corkdc.com,CorkWineBarDC,,
2972,Cure Bar & Bistro,http://www.curebarandbistro.com,,,
2839,Cusbah,http://www.cusbah.com,Cusbah,,
2568,Daily Grill,http://www.dailygrill.com/,dailygrill,,
2642,Darlington House,http://www.darlingtonhousedc.com,thedarlingtonhouse,,
2960,DBGB Kitchen and Bar,http://www.dbgb.com/dc/,DBGBDC,,
2842,DC Harvest,http://www.dc-harvest.com/,DCHarvest.hstreet,,
2756,Chad's,http://www.dcchadwicks.com,ChadsFriendshipHeights,,
3084,Duffy's Irish Pub,http://www.dcduffys.com,duffysirishpub,,
3254,DC Eagle,http://www.dceagle.com,eagleDC,,
2666,The Front Page,http://www.dcfrontpage.com,frontpagedc,http://www.frontpagedc.com/,
3018,The Pitch Tavern,http://www.dcpitch.com/,pitchtaverndc,,
2943,DC Reynolds,http://www.dcreynoldsbar.com/,dcreynoldsbar,,
3006,Penn Quarter Sports Tavern,http://www.dcsportstavern.com,397624563687,,
3052,Wisdom,http://www.dcwisdom.com,DCWisdom,,
2472,Del Campo,http://www.delcampodc.com/,DelCampoDC,,
2976,Denson Liquor Bar,http://www.densondc.com/,DensonLiquorBar,,
2393,Dew Drop Inn,http://www.dewdropinndc.com,482007211949868,,
2650,DGS Delicatessen,http://www.dgsdelicatessen.com,DGSDelicatessen,,
2652,Dirty Martini,http://www.dirtymartinidc.com,DirtyMartiniDC,,
2977,District Chophouse & Brewery,http://www.districtchophouse.com,211014158913745,,
2741,District Commons,http://www.districtcommonsdc.com,DistrictCommons,,
2341,DÃ¶ner Bistro,http://www.doener-usa.com,111943528962649,,
2629,Bar Dupont,http://www.doylecollection.com/locations/washington_dc_hotels/the_dupont_hotel.aspx,BarDupont,https://www.doylecollection.com/hotels/the-dupont-circle-hotel/dining,
2895,Drafting Table,http://www.draftingtabledc.com,131662003847619,,
3100,Dunya Restaurant and Bar,http://www.dunyadc.com,251204901712285,,
2336,Duplex Diner,http://www.duplexdiner.com,DuplexDiner,,
3253,Dupont Italian Kitchen,http://www.dupontitaliankitchen.com/bar/,DIKBAR,,
2548,BLT Steak DC,http://www.e2hospitality.com/blt-steak-washington-dc/,BLTSteakRestaurants,http://bltrestaurants.com/blt-steak/washington-d-c/,
2684,Pizzeria Paradiso,http://www.eatyourpizza.com,pizzapdc,,
3003,Old Ebbitt Grill,http://www.ebbitt.com,OldEbbittGrill,,
2380,El Camino,http://www.elcaminodc.com/,ElCaminoDC,,
3104,El Centro D.F.,http://www.elcentrodf.com,elcentrodf,,
2574,Elephant & Castle,http://www.elephantcastle.com,elephantcastle,,
3250,Elephant & Castle,http://www.elephantcastle.com,elephantcastle,,
2979,Ella's Wood-Fired Pizza,http://www.ellaspizza.com,EllasWoodfiredPizza,,
3105,El Rey,http://www.elreydc.com,elreydc,,
2516,El Rinconcito Cafe II,http://www.elrinconcitocaferestaurant.com,,,
2343,El Tamarindo,http://www.eltamarindodc.com/,eltamarindodc,,
2786,ENO Wine Bar,http://www.enowinerooms.com/hotspots/georgetown-d.c,591692910884812,,
2787,Epicurean and Company,http://www.epicureanandcompany.com,250900420911,,
2575,Equinox,http://www.equinoxrestaurant.com,EquinoxRestaurantDC,,
2576,Fast Eddie's Sports & Billiards,http://www.fasteddies.com,FastEddiesSports,,
2504,Fat Pete's Barbecue,http://www.fatpetesbbq.com/,fatpetesbbq,,
3023,Fig & Olive,http://www.figandolive.com,FIGandOLIVEUSA,,
2980,Fiola da Fabio Trabocchi,http://www.fioladc.com,144517145604345,,
2776,Fiola Mare,http://www.fiolamaredc.com,FiolaMareDC,,
2981,Fire & Sage,http://www.fireandsage.com/restaurant/h,Fireandsage,,
2663,Firefly,http://www.firefly-dc.com,FireflyDC,,
2664,The Fireplace,http://www.fireplacedc.com,fireplacebar,,
2970,Fogo de Chao,http://www.fogodechao.com/,401729333205675,,
2669,GBD,http://www.gbdchickendoughnuts.com,GBDchixndonuts,,
2789,Georgetown Piano Bar,http://www.georgetownpianobar.com,301301876716322,,
2670,Glen's Garden Market,http://www.glensgardenmarket.com,glensgardenmarketshaw,,
2475,Graffiato,http://www.graffiatodc.com,Graffiato,,
2567,Green Lantern,http://www.greenlanterndc.com,GreenLanternDC,,
2745,GCDC,http://www.grilledcheesedc.com,GrilledCheeseDC,,
2675,Grillfish,http://www.grillfishdc.com,GrillfishWDC,,
2618,Taberna Del Alabardero,http://www.grupolezama.es,Taberna.Alabardero.Washington,http://www.alabardero.com/,
2748,Notti Bianche,http://www.gwuinn.com/food-drinks,NottiBiancheDC,,
2790,Gypsy Sally's,http://www.gypsysallys.com,gypsysallysdc,,
2338,Habana Room,http://www.habanavillage.com/,269410834257,,
3227,Hamilton's Bar & Grill,http://www.hamiltonsdc.com,19522558117,,
2678,Hank's Oyster Bar,http://www.hanksoysterbar.com,58431196546,,
2330,Heaven and Hell,http://www.heavenandhellclub.com,HeavenAndHellClub,,
3241,The Tavern at the Henley Park,http://www.henleypark.com,henleyparkhotel,http://www.henleypark.com/dining/the-tavern-at-the-henley-park.cfm,
2473,Hooters,http://www.hooters.com,washingtondc.hooters,Delete Website,
2884,Avenue Cafe & Lounge,http://www.inndc.com,AvenueCafeLounge,http://www.inndc.com/dining.php,
2692,I Ricchi,http://www.iricchi.net,iricchi,,
2477,Irish Channel Restaurant & Pub,http://www.irishchannelpub.com,irishchannelpubdc,,
2989,Iron Horse Tap Room,http://www.ironhorsedc.com,IronHorseDC,,
2478,Jackpot,http://www.jackpotdc.com,jackpotdc,,
2355,Jack Rose Dining Saloon,http://www.jackrosediningsaloon.com,JackRoseDiningSaloon,,
2682,James Hoban's Irish Restaurant & Bar,http://www.jameshobansdc.com,jameshobansdc,,
2586,"Joe's Seafood, Prime Steak and Stone Crab",http://www.joes.net/?loc=dc,joesstonedc,,
2356,Johnny Pistolas,http://www.johnnypistolas.com/,johnnypistolasmexicantaqueriabar,,
3103,JoJo Restaurant & Bar,http://www.jojodc.com,81442649483,,
2526,Kangaroo Boxing Club,http://www.kangaroodc.com,KangarooBoxingClub,,
2432,Kelly's Irish Times,http://www.kellysirishtimesdc.com,KellysIrishTimesDC,,
2845,Khan's Bar & Grill,http://www.khansdc.com/,222736584408335,,
2685,Kramerbooks & Afterwords Cafe,http://www.kramers.com,Kramerbooks,,
3176,La Fromagerie,http://www.lafromagerieonline.com,39308172735,,
2814,Ristorante La Perla,http://www.laperlaofwashington.com,Halftimesportsbaronh,,
2346,Lapis Afghan Bistro,http://www.lapisdc.com/,LapisDC,,
2347,Las Canteras,http://www.lascanterasdc.com,lascanterasrestaurant,,
2480,La Tasca,http://www.latascausa.com,LaTascaRestaurants,,
2993,Laughing Man Tavern,http://www.laughingmantavern.com,laughingmantavern,,
2688,Lauriol Plaza Restaurant,http://www.lauriolplaza.com,lauriolplaza,,
2433,Lavagna,http://www.lavagnadc.com,LavagnaDC,,
3163,Lebanese Taverna,http://www.lebanesetaverna.com,lebanesetaverna,,
2481,Legal Sea Foods,http://www.legalseafoods.com,LegalSeaFoodsWashingtonDC,http://www.legalseafoods.com/restaurants/washington-dc-7th-street,
2344,L'Enfant CafÃ©,http://www.lenfantcafe.com,84640147699,,
3164,LiLLiES Restaurant & Bar,http://www.lilliesrestaurant.com,LiLLiESDC,,
2593,Lincoln,http://www.lincolnrestaurant-dc.com,lincolnwdc,,
3114,Local 16,http://www.localsixteen.com,local16dc,,
2901,Logan Tavern,http://www.logantavern.com,logantavern,,
2799,Los Cuates,http://www.loscuatesrestaurant.com,70278921599,,
3037,Lost & Found,http://www.lostandfounddc.com/,lostandfounddc,,
3116,Lost Society,http://www.lostsociety-dc.com,lostsocietydc,,
3244,Lounge of III,http://www.loungeofthree.net,128738881532,,
2529,Lou's City Bar,http://www.louscitybar.com/,louscitybar,,
2494,R.F.D. Washington,http://www.lovethebeer.com/rfd.html,149750361702055,,
2696,Lucky Bar,http://www.luckybardc.com,luckybardc,,
2698,Luna Grill & Diner,http://www.lunagrillanddiner.com,LunaGrillAndDinerDC,,
2360,Madam's Organ Blues Bar,http://www.madamsorgan.com,MadamsOrgan,,
2596,Maddy's Tap Room,http://www.maddystaproom.com,MaddysTaproom,,
2757,Maggiano's Little Italy,http://www.maggianos.com/locations/,,,
2570,High Velocity,http://www.marriott.com/hotel-restaurants/wasco-marriott-marquis-washington-dc/high-velocity/5641403/home-page.mi,HighVelocityDC,,
2424,Dubliner Restaurant & Pub,http://www.marriott.com/hotels/travel/phfoy-newport-news-marriott-at-city-center/,DublinerDC,http://www.dublinerdc.com/,
3117,Marvin,http://www.marvindc.com,RestaurantMarvin,,
2521,Marx Cafe,http://www.marxcafemtp.com/index.php,marxcafe.mtpleasant,http://www.marxcafemtp.com/,
3118,Masa 14,http://www.masa14.com,masa14dc,,
2427,Matchbox Vintage Pizza Bistro,http://www.matchboxchinatown.com,matchboxrestaurants,,
2805,Mate,http://www.matedc.com,MateLounge,,
2361,Mellow Mushroom Pizza Bakers,http://www.mellowmushroom.com/store/adams-morgan.com,,http://mellowmushroom.com/store/adams-morgan,
2747,Jardenea,http://www.melrosehoteldc.com/washington-dc-restaurants.aspx,TheMelroseHotel,,
2532,Meridian Pint,http://www.meridianpint.com,122568392584,,
2362,Meze,http://www.mezedc.com,mezewashingtondc,,
2351,Millie & Al's,http://www.millienals.com,MillieandAls,,
2363,Mintwood Place,http://www.mintwoodplace.com,MintwoodPlace,,
3049,Molly Malone's Capitol Hill Saloon,http://www.mollymalonescapitolhillsaloon.com,MollyMalonesDC,http://mollymalonesdc.com/,
2485,Momiji,http://www.momijidc.com,348363942832,,
2450,Montmartre,http://www.montmartredc.com,montmartredc,,
2437,Mr. Henry's Restaurant,http://www.mrhenrysdc.com,MrHenrysRestaurant,,
2699,M Street Bar & Grill,http://www.mstreetdc.com,MStreetBarGrill,,
2999,MXDC Cocina Mexicana,http://www.mxdcrestaurant.com,MXDCRestaurant,,
2707,Nage Bistro,http://www.nagerestaurant.com,NageDC,http://www.nagedc.com/,
2605,Nagomi Izakaya,http://www.nagomidc.com,nagomiizakayadc,,
2511,Nanny O'Brien's Irish Pub,http://www.nannyobriens.com/,nannyobriens,,
3122,Nellie's Sports Bar,http://www.nelliessportsbar.com,NelliesDC,,
2905,Number Nine,http://www.numberninedc.com,numberninedc,,
3002,Occidental,http://www.occidentaldc.com,OccidentalGrill,,
2858,Ocopa,http://www.ocopa.kitchen,ocopadc,,
2382,Old Engine 12 Restaurant,http://www.oldengine12restaurant.com/,washfirehouse,,
2808,Old Glory,http://www.oldglorybbq.com,OldGloryBBQ,,
2582,Olivia's Diner,http://www.oliviasdiner.com,862649157145810,,
3169,Open City,http://www.opencitydc.com,OpenCityDC,,
2794,Orange Anchor,http://www.orangeanchordc.com,OrangeAnchorDC,,
2926,Osteria Morini,http://www.osteriamorini.com,OsteriaMoriniDC,,
2583,The Oval Room,http://www.ovalroom.com,TheOvalRoom,,
3004,Oyamel Cocina Mexicana,http://www.oyamel.com,oyameldc,,
2608,Ozio Restaurant & Lounge,http://www.oziodc.com,oziodc,,
2609,Panache Restaurant,http://www.panacherestaurant.com,388099491254998,,
2810,Paolo's Ristorante,http://www.paolosristorante.com,PaolosGeorgetown,,
2508,Paragon Thai,http://www.paragonthairestaurant.com,paragonthairestaurant,,
2610,The Park at 14th,http://www.park14.com,TheParkat14th,,
3238,Peace Lounge,http://www.peaceloungedc.com,1460809990836235,,
2797,Peacock Cafe,http://www.peacockcafe.com,PeacockCafeGeorgetown,,
2491,Penn Commons,http://www.penncommonsdc.com,PennCommons,,
2365,Perry's Restaurant,http://www.perrysadamsmorgan.com,perrys.dc,,
2683,Pesce,http://www.pescedc.com,PesceRestaurant,,
2915,Philos,http://www.philosdc.com,ziad.alazem,,
2965,Pi Pizzeria,http://www.pi-dc.com,PizzaPi,,
2990,Pinea,http://www.pineadc.com,chloeglc,,
2492,Ping Pong Dim Sum,http://www.pingpongdimsum.us/,pingpongdc,,
3008,Plan B Burger Bar,http://www.planbburger.com/flash.html,bDCburgersbeerbourbon,,
3126,Policy Restaurant & Lounge,http://www.policydc.com,policydc,,
2357,Pop's SeaBar,http://www.popsseabar.com,popsseabar,,
3009,Poste Moderne Brasserie,http://www.postebrasserie.com,postemodernebrasserie,,
2908,Posto,http://www.postodc.com,RistorantePOSTO,,
2479,Proof,http://www.proofdc.com,89515663609,,
3111,Provision No. 14,http://www.provisiondc.com,provisiondc,,
2712,Public Bar Dupont,http://www.publicbar.co,PublicBarDC,,
2686,Raku,http://www.rakuasiandining.com/,RakuBethesda,,
2591,Rasoi Indian Kitchen,http://www.rasoidc.com,RasoiDC,,
3173,Red Light,http://www.redlightbardc.com/,,,
3012,Toro Toro,http://www.richardsandoval.com/torotorodc/,ToroToroDC,,
2497,Zengo,http://www.richardsandoval.com/zengodc/,ZengoRestaurants,,
2512,Ripple,http://www.rippledc.com,Rippledc,,
2813,RÃ­ RÃ¡,http://www.rira.com/georgetown,rirairishpubgeorgetown,,
3155,Ris,http://www.risdc.com,RisDC,,
2495,Rocket Bar,http://www.rocketbardc.com,RocketBarDC,,
2434,Romeo & Juliet,http://www.romeoandjulietdc.com/#aboutPage,romeojulietdc,,
2366,Roofers Union,http://www.roofersuniondc.com,RoofersUnionDC,,
2528,Room 11,http://www.room11dc.com,room11dc,,
3010,Rosa Mexicano,http://www.rosamexicano.com,rosamexicano,,
2694,Rosemary's Thyme Bistro,http://www.rosemarysthyme.com,156528334385653,,
3143,Rappahanock Oyster Bar,http://www.rroysters.com,Rappahannock,,
2613,Rumors,http://www.rumorsrestaurant.com,115286121906977,,
2714,Russia House Restaurant & Lounge,http://www.russiahouselounge.com,russiahouse,,
2386,Rustik Tavern,http://www.rustikdc.com,154864997867897,,
2715,Ruth's Chris Steak House,http://www.ruthschris.com,RuthsChrisSteakHouseDC1,,
2695,Salty Dog Tavern,http://www.saltydogtavern.com,saltydogdc,,
2399,San Antonio Bar & Grill,http://www.sanantoniogrilldc.com,,Delete website,
2716,Sauf Haus Bier Hall & Garden,http://www.saufhausdc.com,saufhausdc,,
2925,Scarlet Oak,http://www.scarletoakdc.com,707747739318581,,
2615,Science Club,http://www.scienceclubdc.com,,,
2717,Scion,http://www.scionrestaurant.com,scionrestaurantdupontcircle,,
2815,Sea Catch Restaurant & Raw Bar,http://www.seacatchrestaurant.com,seacatchrestaurant,,
3011,Sei,http://www.seirestaurant.com,seirestaurant,,
3099,Izakaya Seki,http://www.sekidc.com,izakayaseki,,
3040,Shaw's Tavern,http://www.shawstavern.com,shawstavern,,
3183,Shenanigan's Irish Pub,http://www.shenaniganspubdc.com/,ShenanigansIrishPubDc,,
2389,Simple Bar and Grill,http://www.simple-dc.com/,simplebargrill,,
2496,Sixth Engine,http://www.sixthengine.com,SixthEngine,,
2616,Smith & Wollensky,http://www.smithandwollensky.com,smithandwollenskydc,,
2855,Smith Commons,http://www.smithcommonsdc.com,SmithCommons,,
2371,Southern Hospitality,http://www.sohodc.com,soho.dc.9,,
3128,Solly's U Street Tavern,http://www.sollystavern.com,sollys,,
2875,Sol Mexican Grill,http://www.solmexicangrilldc.com/,194806723871118,,
2441,Sona Creamery & Wine Bar,http://www.sonacreamery.com,SonaCreamery,,
2442,Sonoma Restaurant and Wine Bar,http://www.sonomadc.com,sonomadc,,
2902,Sotto,http://www.sottodc.com,SottoDC,,
2370,Soussi,http://www.soussidc.com/,116230581732461,,
2510,Spices,http://www.spicesdc.com/,,,
2435,Stanton & Greene,http://www.stantonandgreene.com,stantonandgreene,,
2862,The Star and Shamrock,http://www.starandshamrock.com,starandshamrock,,
3056,Station 4,http://www.station4dc.com,Station4DC,,
2910,Stoney's Restaurant,http://www.stoneysdc.com,StoneysDC,http://www.stoneys-dc.com/,
3129,Sudhouse,http://www.sudhousedc.com,Sudhousedc,,
2939,Sur la Place,http://www.surlaplaceindc.com,320407201409465,,
2704,Sushi Taro,http://www.sushitaro.com,SushiTaroMain1,,
2723,Tabard Inn,http://www.tabardinn.com,140409766033302,,
3140,Tadich Grill,http://www.tadichgrill.com/location-dc.php,,,
3065,Tenley Bar & Grill,http://www.tenleybar.com,tenleybarandgrill,,
3135,Tesoro Restaurant,http://www.tesororestaurant.com,142287132498028,,
2917,The Bachelor's Mill,http://www.thebachelorsmill.comâ€Ž,134738039918489,http://www.bachelorsmill.com/,
2327,The Blaguard,http://www.theblaguarddc.com,127254860617913,,
2549,Bottom Line,http://www.thebottomlinedc.com,BottomLineDC,,
2754,The Cheesecake Factory,http://www.thecheesecakefactory.com,,http://locations.thecheesecakefactory.com/dc/washington-5.html,
3044,The Chesapeake Room,http://www.thechesapeakeroom.com,ChesapeakeRoom,,
2738,Circle Bistro,http://www.thecirclehotel.com/eat-drink-lounge/circle-bistro,128029660636,,
2518,The Coupe,http://www.thecoupedc.com,thecoupedc,,
2742,The Exchange,http://www.theexchangesaloon.com,173123752620,,
2471,The Greene Turtle,http://www.thegreeneturtle.com,thegreeneturtle,,
2352,Grill from Ipanema,http://www.thegrillfromipanema.com,TheGrillfromIpanema,,
2522,The Heights,http://www.theheightsdc.com,theheightsdc,,
3246,The Manor,http://www.themanordc.com,TheManorNW,,
2711,The Palm Restaurant,http://www.thepalm.com/Los-Angeles-West-Hollywood,PalmRestaurant,,
2907,The Pig,http://www.thepigdc.com,233312916727335,,
2536,The Pinch,http://www.thepinchdc.com,thepinchdc,,
2383,The Pub & The People,http://www.thepubandthepeople.com,thepubandthepeople,,
2853,The Pursuit Wine Bar,http://www.thepursuitwinebar.com,thepursuitwinebar,,
2859,The Queen Vic,http://www.thequeenvicdc.com,thequeenvicdc,,
2883,The Royal,http://www.theroyaldc.com,theroyalinledroit,,
2617,Stonefish Grill,http://www.thestonefishgrill.com,1425213711027012,,
2997,Sushi Aoi,http://www.thesushiaoi.com,,,
2537,The Wonderland Ballroom,http://www.thewonderlandballroom.com,205682691909,,
2534,Thip Khao,http://www.thipkhao.com,thipkhaodc,,
2817,Thunder Burger & Bar,http://www.thunderburger.com,ThunderBurger,,
2928,Todd Gray's Watershed,http://www.toddgrayswatershed.com,ToddGrayWatershed,,
2818,The Tombs,http://www.tombs.com,TheTombs,,
2372,Tono Sushi,http://www.tonosushi.com,tonosushi,,
2819,Tony & Joe's Seafood Place,http://www.tonyandjoes.com,TonyandJoes,,
2444,Tortilla Coast,http://www.tortillacoast.com,tortillacoast,,
2911,Tortino Restaurant,http://www.tortinorestaurant.com/index.html,173302806102295,,
2832,Town Hall,http://www.townhalldc.com,townhalldc,,
2373,Town Tavern,http://www.towntaverndc.com,towntavern,,
2647,Trio's Fox & Hounds,http://www.triofoxandhounds.com,triofoxandhounds,,
2445,Tunnicliff's Tavern,http://www.tunnicliffs.com,TunnicliffsTavern,Delete Website,
3013,UltraBar,http://www.ultrabardc.com,ultrabar,,
2376,Uniontown Bar and Grill,http://www.uniontowndc.com/,uniontowndcbar,,
2727,Urbana,http://www.urbanadc.com,urbana,,
2863,Vendetta,http://www.vendettadc.com,VendettaDC,,
2375,Ventnor Sports Cafe,http://www.ventnorsportscafe.com,TonyandJoes,,
2619,Vidalia,http://www.vidaliadc.com,vidaliarestaurant,,
3133,Vinoteca Wine Bar & Bistro,http://www.vinotecadc.com,DCVinoteca,,
2759,Range,http://www.voltrange.com/pdf/menu.pdf,VoltRange,http://www.voltrange.com/,
3156,Westend Bistro,http://www.westendbistrodc.com,,,
2489,Wok and Roll,http://www.wokandrolldc.com,wokandrolldc,,
2880,The Source by Wolfgang Puck,http://www.wolfgangpuck.com,125609490855152,http://www.wolfgangpuck.com/restaurants/fine-dining/3941,
3168,Woodley Cafe,http://www.woodleycafeonline.com,,,
2620,Woodward Table,http://www.woodwardtable.com,WoodwardTable,,
3064,Yosaku,http://www.yosakusushi.com,127827310657651,,
2535,Zeba,http://www.zebabar.com,136491049756285,,
3240,DNV Rooftop Lounge,http://www.zentanrestaurant.com/dnv-rooftop/the-roof.htm,ZentanRestaurant,,
2710,Zorba's Cafe,http://www.zorbascafe.com,zorbas.cafewashington,,
2440,Young Chow,http://youngchowdc.com,444642845549301,,
3172,Station Kitchen + Cocktails,https://www.destinationhotels.com/station-kitchen-dc,StationKitchenAndCocktails,,
2726,Topaz Bar,https://www.kimptonhotels.com/boutique-hotels-in-dc-metro-area,TopazHotel,http://www.topazhotel.com/dining/dupont-circle-bar.html,
2621,Zentan,https://www.kimptonhotels.com/boutique-hotels-in-dc-metro-area,ZentanRestaurant,http://www.zentanrestaurant.com/,
3226,Prequel,https://www.prequeldc.com/4th-floor-wine-bar/about,prequeldc,,
2430,Nana Thai,nanathairestaurant.com,nanathaidc,,
2878,TouchÃ©,touchedc.com,touchedc,,
2465,Clyde's,www.clydes.com/gallery-place,ClydesRestaurant,,
3180,Chuck & Billy's Bar,,ChucknBillys,,
2668,Gazuza Lounge,,GazuzaLounge,http://www.gazuzadc.com/,
2872,Nomad Hookah Bar,,nomadhookah,,
3020,Slash Run,,slashrun,,
2354,The High Dive,,TheHighDiveDC,,
2329,Bourbon,,,,
2846,The Elroy H St.,,,,
2946,Top Spanish Cafe And Catering,,,,
2318,1331 Restaurant & Lounge,,,,
2426,La Lomita,,,,
2438,Tune Inn Restaurant & Bar,,,,