ID,Name,Categories,,,,,,Neighborhoods
2515,Creme Restaurant & Bar,American (New),,,,,,Columbia Heights
3080,DC Noodles,Thai,Asian Fusion,,,,,U Street Corridor
2444,Tortilla Coast,Tex-Mex,Bars,,,,,Capitol Hill
2670,Glen's Garden Market,Grocery,,,,,
2340,Himalayan Heritage,Indian,Himalayan/Nepalese,Ethnic Food,,,,Adams Morgan
2344,L'Enfant Café,Bars,French,Creperies,,,
3053,21st Amendment Bar & Grill,Bars,American (Traditional),,,,
2471,The Greene Turtle,Sports Bars,American (Traditional),Burgers,,,
2346,Lapis Afghan Bistro,Breakfast & Brunch,Afghan,,,,,Adams Morgan
2497,Zengo,Latin American,Asian Fusion,,,,,Chinatown
2789,Georgetown Piano Bar,Piano Bars,Music Venues,American (Traditional),,,,Georgetown
3063,Kitty O'Shea's DC,Pubs,Irish,Burgers,,,,Tenleytown
2546,The Black Rooster,Pubs,,,,,
2499,Atomic Billiards,Pool Halls,Bars,,,,,Cleveland Park
2943,DC Reynolds,Southern,Vegan,Vegetarian,,,,Park View
2638,Boqueria,Tapas Bars,Spanish,,,,
2981,Fire & Sage,American (Traditional),,,,,
2485,Momiji,Japanese,Sushi Bars,,,,,Chinatown
2351,Millie & Al's,Pizza,Dive Bars,,,,,Adams Morgan
2342,Jug & Table,Cocktail Bars,Wine Bars,,,,,Adams Morgan
2389,Simple Bar and Grill,American (Traditional),Sports Bars,,,,,Brightwood
2661,Level One,American (New),Breakfast & Brunch,Burgers,,,,Dupont Circle
2518,The Coupe,Diners,Breakfast & Brunch,,,,,Columbia Heights
2644,Circa,American (Traditional),Wine Bars,Pizza,,,,Dupont Circle
2323,Bossa,Lounges,,,,,,Adams Morgan
3172,Station Kitchen + Cocktails,American (Traditional),Coffee & Tea,Cocktail Bars,,,,Dupont Circle
2794,Orange Anchor,American (New),,,,,
3066,James Mackey's Public House,Pubs,Burgers,,,,
2725,Thomas Foolery,Bars,,,,,,Dupont Circle
2817,Thunder Burger & Bar,Burgers,Bars,,,,,Georgetown
2329,Bourbon,Bars,American (Traditional),,,,,Adams Morgan
2482,Royal Thai,Thai,,,,,,Chinatown
2967,Cedar,American (New),French,,,,,Penn Quarter
2968,Central Michel Richard,American (New),French,Bars,,,
3007,Penn Social,Bars,American (New),,,,,Penn Quarter
2738,Circle Bistro,American (New),Diners,Breakfast & Brunch,,,,West End
2741,District Commons,American (New),,,,,,Foggy Bottom
3257,Circa,American (New),Wine Bars,,,,,Clarendon
2721,St. Arnold's,Belgian,Pubs,American (Traditional),,,,Dupont Circle
2982,Mango Tree,Thai,,,,,
2934,DC Boathouse,American (Traditional),,,,,,Palisades
3015,Chez Billy,French,Bars,,,,
3025,BKK Cookshop,Thai,,,,,,Shaw
2512,Ripple,Wine Bars,American (New),,,,,Cleveland Park
3043,Banana Cafe and Piano Bar,Cuban,Puerto Rican,,,,,Capitol Hill
2368,Smoke & Barrel,Bars,American (New),Barbeque,,,,Adams Morgan
2511,Nanny O'Brien's Irish Pub,Pubs,Music Venues,Irish,,,
2647,Trio's Fox & Hounds,Lounges,,,,,,Dupont Circle
2726,Topaz Bar,Bars,Comedy Clubs,,,,,Dupont Circle
3044,The Chesapeake Room,American (New),American (Traditional),Southern,,,,Capitol Hill
2502,Cactus Cantina,Tex-Mex,Mexican,,,,
3020,Slash Run,Burgers,Breweries,,,,,Petworth
2816,Sequoia,Seafood,Steakhouses,American (New),,,
2831,Sprig & Sprout,Vietnamese,Sandwiches,Gluten-Free,,,,Glover Park
2926,Osteria Morini,Italian,,,,,,Navy Yard
2691,The Riggsby,American (Traditional),Breakfast & Brunch,,,,,Dupont Circle
2692,I Ricchi,Italian,,,,,,Dupont Circle
2510,Spices,Sushi Bars,Asian Fusion,Thai,,,,Cleveland Park
2732,Bertucci's,Pizza,Italian,,,,,Foggy Bottom
2811,Paper Moon Restaurant,Italian,Breakfast & Brunch,,,,,Georgetown
2386,Rustik Tavern,Mediterranean,Italian,,,,,Bloomingdale
2475,Graffiato,Pizza,Italian,Breakfast & Brunch,,,
2508,Paragon Thai,Thai,,,,,,Cleveland Park
2586,"Joe's Seafood, Prime Steak and Stone Crab",Seafood,Steakhouses,,,,
2458,Alba Osteria,Italian,,,,,
2851,H Street Country Club,Mexican,Bars,Mini Golf,,,
2633,Bub and Pop's,Sandwiches,,,,,,Dupont Circle
2970,Fogo de Chao,Brazilian,Steakhouses,Seafood,,,
2443,Thunder Grill,Mexican,Tex-Mex,,,,,NoMa
2347,Las Canteras,Latin American,Peruvian,,,,,Adams Morgan
2596,Maddy's Tap Room,Beer Bar,,,,,
2583,The Oval Room,American (New),,,,,
2907,The Pig,American (Traditional),,,,,,Logan Circle
2472,Del Campo,Peruvian,Argentine,Steakhouses,,,,Chinatown
2880,The Source by Wolfgang Puck,Asian Fusion,Dim Sum,Japanese,,,
2913,Haydee's Restaurant,Latin American,,,,,,Mount Pleasant
2356,Johnny Pistolas,Mexican,Bars,,,,,Adams Morgan
2434,Romeo & Juliet,Mediterranean,,,,,,Capitol Hill
2371,Southern Hospitality,Southern,American (New),,,,,Adams Morgan
2951,Austin Grill,Tex-Mex,Food Trucks,Mexican,,,,Penn Quarter
2343,El Tamarindo,Mexican,Salvadoran,,,,
2489,Wok and Roll,Karaoke,Lounges,Sushi Bars,,,,Chinatown
2535,Zeba,Bars,Dance Clubs,,,,,Columbia Heights
2950,Asia Nine,Asian Fusion,Japanese,Bars,,,
2841,Dangerously Delicious Pies,Desserts,,,,,,H Street Corridor/Atlas District/Near Northeast
2631,Beacon Bar and Grill,Bars,Breakfast & Brunch,American (Traditional),,,,Dupont Circle
2805,Mate,Bars,Sushi Bars,,,,
2574,Elephant & Castle,British,Pubs,,,,
2496,Sixth Engine,American (Traditional),,,,,
2959,Cafe Mozart,Delis,German,Cafes,,,
2367,Rumba Café,Latin American,Breakfast & Brunch,Tapas Bars,,,,Adams Morgan
3002,Occidental,Steakhouses,Seafood,,,,
3004,Oyamel Cocina Mexicana,Mexican,Tapas Bars,,,,,Penn Quarter
3048,Lola's Barracks Bar & Grill,American (Traditional),,,,,,Capitol Hill
3074,Bin 1301,Wine Bars,,,,,,U Street Corridor
2722,STK,Steakhouses,American (New),Cocktail Bars,,,,Dupont Circle
3040,Shaw's Tavern,Gastropubs,,,,,,Shaw
2971,Cuba Libre Restaurant & Rum Bar,Cuban,Lounges,,,,
2997,Sushi Aoi,Japanese,,,,,
2685,Kramerbooks & Afterwords Cafe,Cafes,Desserts,Breakfast & Brunch,,,,Dupont Circle
2694,Rosemary's Thyme Bistro,Greek,Mediterranean,Turkish,,,,Dupont Circle
2969,Co Co. Sala,American (New),Chocolatiers & Shops,Lounges,,,
2684,Pizzeria Paradiso,Pizza,,,,,,Dupont Circle
2845,Khan's Bar & Grill,Mongolian,,,,,,H Street Corridor/Atlas District/Near Northeast
2397,Smith Public Trust,American (New),Pubs,,,,,Brookland
3026,Bistro Bohem,Breakfast & Brunch,Modern European,Diners,,,,Shaw
3027,Chaplin,Cocktail Bars,Ramen,,,,,Shaw
2437,Mr. Henry's Restaurant,American (New),,,,,,Capitol Hill
2790,Gypsy Sally's,Music Venues,Bars,,,,,Georgetown
2698,Luna Grill & Diner,Diners,American (New),Breakfast & Brunch,,,,Dupont Circle
2699,M Street Bar & Grill,American (New),Bars,Latin American,,,
2723,Tabard Inn,American (Traditional),Breakfast & Brunch,,,,,Dupont Circle
2715,Ruth's Chris Steak House,Steakhouses,,,,,,Crystal City
2318,1331 Restaurant & Lounge,American (New),Lounges,,,,
2380,El Camino,Mexican,,,,,,Bloomingdale
3045,Cafe 8,Mediterranean,,,,,,Capitol Hill
2974,Haad Thai,Thai,,,,,
3140,Tadich Grill,Seafood,,,,,
2611,Post Pub,Pubs,American (Traditional),Dive Bars,,,
2717,Scion,American (New),,,,,,Dupont Circle
2718,Sette Osteria,Italian,,,,,,Dupont Circle
2683,Pesce,Seafood,,,,,,Dupont Circle
3008,Plan B Burger Bar,Burgers,Bars,American (New),,,,Penn Quarter
2433,Lavagna,Italian,,,,,,Capitol Hill
3232,Mad Fox Taproom,American (New),Breweries,,,,,Glover Park
2354,The High Dive,Dive Bars,Pubs,,,,,Adams Morgan
2504,Fat Pete's Barbecue,Barbeque,,,,,,Cleveland Park
3168,Woodley Cafe,American (Traditional),,,,,,Woodley Park
2659,La Tomate,Italian,,,,,,Dupont Circle
2608,Ozio Restaurant & Lounge,Lounges,,,,,,Dupont Circle
3233,Fadó Irish Pub & Restaurant,Irish,Irish Pub,,,,,Chinatown
2682,James Hoban's Irish Restaurant & Bar,Irish,Pubs,,,,,Dupont Circle
2748,Notti Bianche,Italian,,,,,,Foggy Bottom
2852,Halftime Sports Bar,Sports Bars,,,,,
2814,Ristorante La Perla,Italian,Seafood,,,,
2839,Cusbah,Pakistani,Indian,American (New),,,,H Street Corridor/Atlas District/Near Northeast
3254,DC Eagle,Bars,Adult Entertainment,,,,
2401,201 Bar,Bars,American (Traditional),Venues & Event Spaces,,,,Capitol Hill
2612,Recessions,Dive Bars,Pool Halls,American (New),,,
3021,Red Derby,Dive Bars,Breakfast & Brunch,Burgers,,,
2514,The Airedale,Gastropubs,,,,,,Columbia Heights
3111,Provision No. 14,Cocktail Bars,American (New),,,,,U Street Corridor
2893,Cork,Wine Bars,Tapas/Small Plates,,,,,Logan Circle
2565,Finn & Porter,American (Traditional),,,,,
2629,Bar Dupont,Bars,American (New),,,,,Dupont Circle
2393,Dew Drop Inn,Dive Bars,,,,,
2621,Zentan,Japanese,Cocktail Bars,,,,
2568,Daily Grill,American (Traditional),,,,,
2609,Panache Restaurant,Tapas Bars,Modern European,,,,
3122,Nellie's Sports Bar,Gay Bars,Sports Bars,American (Traditional),,,
2593,Lincoln,American (New),Desserts,Bars,,,
2321,Angles Bar & Billiards,Pool Halls,American (New),Pubs,,,,Adams Morgan
2526,Kangaroo Boxing Club,American (Traditional),Barbeque,Pubs,,,,Columbia Heights
3010,Rosa Mexicano,Mexican,,,,,,Penn Quarter
2990,Pinea,Mediterranean,,,,,
2865,The Big Board,Burgers,Bars,,,,,H Street Corridor/Atlas District/Near Northeast
2836,Biergarten Haus,German,Bars,Beer Gardens,,,
2760,Le Chat Noir,French,Creperies,,,,,Tenleytown
2797,Peacock Cafe,American (New),Cafes,,,,,Georgetown
2758,Jake's American Grille,American (New),Bars,,,,,Chevy Chase
2767,Bodega,Tapas Bars,Spanish,,,,,Georgetown
2575,Equinox,American (New),,,,,
2911,Tortino Restaurant,Italian,,,,,,Logan Circle
2843,Impala Cantina,Mexican,,,,,
2491,Penn Commons,American (New),Southern,,,,
2457,Absolute Thai,Thai,,,,,
2422,Hawk 'n' Dove,Bars,American (Traditional),,,,,Capitol Hill
2516,El Rinconcito Cafe II,Latin American,Mexican,,,,,Columbia Heights
2382,Old Engine 12 Restaurant,American (New),,,,,,Bloomingdale
2415,Boxcar Tavern,Breakfast & Brunch,American (New),Cocktail Bars,,,,Capitol Hill
2532,Meridian Pint,Bars,American (Traditional),,,,,Columbia Heights
2478,Jackpot,Cocktail Bars,,,,,,Chinatown
2669,GBD,Bars,Breakfast & Brunch,American (Traditional),,,,Dupont Circle
2373,Town Tavern,Bars,,,,,,Adams Morgan
2972,Cure Bar & Bistro,American (New),Tapas/Small Plates,,,,
2366,Roofers Union,Bars,Burgers,Sandwiches,,,,Adams Morgan
2977,District Chophouse & Brewery,Steakhouses,,,,,,Penn Quarter
2885,Baan Thai / Tsunami Sushi,Thai,,,,,,Logan Circle
3116,Lost Society,Steakhouses,,,,,,U Street Corridor
2886,B Too,Belgian,French,,,,,Logan Circle
3099,Izakaya Seki,Japanese,,,,,
2379,Boundary Stone Public House,American (New),Pubs,Sandwiches,,,,Bloomingdale
2408,Béarnaise,French,Cafes,Steakhouses,,,,Capitol Hill
2549,Bottom Line,American (Traditional),Dive Bars,,,,
2400,Steel Plate,Cocktail Bars,Comfort Food,,,,,Brookland
2365,Perry's Restaurant,Sushi Bars,Japanese,,,,,Adams Morgan
3086,Chi-Cha Lounge,Latin American,Lounges,Hookah Bars,,,,U Street Corridor
2616,Smith & Wollensky,Steakhouses,Seafood,,,,
2617,Stonefish Grill,Seafood,,,,,
3176,La Fromagerie,Cheese Shops,Meat Shops,Wine Bars,,,,Old Town Alexandria
2846,The Elroy H St.,Lounges,,,,,
2328,Cashion's Eat Place,American (Traditional),,,,,,Adams Morgan
2678,Hank's Oyster Bar,Seafood,Lounges,,,,,Dupont Circle
2394,Nido,Mediterranean,Bars,,,,,Brookland
2598,Le Bar,Bars,,,,,
2361,Mellow Mushroom Pizza Bakers,Lounges,Coffee & Tea,American (Traditional),,,,Adams Morgan
2582,Olivia's Diner,Breakfast & Brunch,Diners,,,,
2940,Bravo Bar,Bars,,,,,
2686,Raku,Sushi Bars,Asian Fusion,,,,
2615,Science Club,Lounges,Vegetarian,,,,
2640,Buffalo Billiards,Pool Halls,Sports Bars,,,,,Dupont Circle
2614,Rural Society,Argentine,Desserts,Cocktail Bars,,,
3001,NoPa Kitchen + Bar,American (New),,,,,,Penn Quarter
2576,Fast Eddie's Sports & Billiards,Pool Halls,Sports Bars,,,,
2731,Ancora,Italian,,,,,,Foggy Bottom
2743,Lindy's Red Lion,Burgers,Sandwiches,,,,,Foggy Bottom
2946,Top Spanish Cafe And Catering,Spanish,Caterers,,,,,Park View
2468,Carving Room Kitchen & Bar,Delis,"Beer, Wine & Spirits",,,,
2445,Tunnicliff's Tavern,American (Traditional),Bars,,,,,Capitol Hill
2404,Art and Soul,American (New),,,,,
2453,Satellite Room,Bars,Diners,Burgers,,,
3084,Duffy's Irish Pub,Pubs,Irish,,,,
2771,Café Bonaparte,French,Creperies,,,,,Georgetown
2980,Fiola da Fabio Trabocchi,Italian,,,,,,Penn Quarter
2591,Rasoi Indian Kitchen,Indian,,,,,
2330,Heaven and Hell,Dance Clubs,,,,,,Adams Morgan
3018,The Pitch Tavern,Sports Bars,American (Traditional),,,,
2810,Paolo's Ristorante,Italian,Pizza,,,,,Georgetown
2759,Range,American (New),Seafood Markets,,,,,Friendship Heights
2909,Slipstream,Coffee & Tea,Cocktail Bars,American (New),,,,Logan Circle
2910,Stoney's Restaurant,Bars,American (Traditional),American (New),,,,Logan Circle
2745,GCDC,American (Traditional),Comfort Food,,,,,Foggy Bottom
3173,Red Light,Bars,,,,,,Logan Circle
2465,Clyde's,American (Traditional),Bars,Seafood,,,
3012,Toro Toro,Latin American,,,,,
2426,La Lomita,Tex-Mex,,,,,,Capitol Hill
3013,UltraBar,Bars,Dance Clubs,Venues & Event Spaces,,,
2706,Teddy & The Bully Bar,American (New),Bars,,,,,Dupont Circle
2610,The Park at 14th,American (New),Dance Clubs,,,,
2637,The Board Room,Sports Bars,Lounges,,,,
3003,Old Ebbitt Grill,Bars,Breakfast & Brunch,Sandwiches,,,
3090,Compass Rose,Mediterranean,Ethnic Food,Gastropubs,,,
3050,Trusty's,Dive Bars,,,,,,Barney Circle,Capitol Hill
2854,Le Grenier,French,Breakfast & Brunch,,,,,H Street Corridor/Atlas District/Near Northeast
2620,Woodward Table,American (New),,,,,
2635,Bistro Bistro,French,Italian,Mediterranean,,,,Dupont Circle
3100,Dunya Restaurant and Bar,Mediterranean,American (New),Bars,,,
2987,Hill Country Backyard Barbecue,Barbeque,,,,,
3215,A BAR + Kitchen,Lounges,,,,,,Foggy Bottom
2877,Toscana Cafe,Italian,,,,,,H Street Corridor/Atlas District/Near Northeast
2488,Vapiano,Italian,Pizza,,,,
2509,Siam House,Thai,,,,,,Cleveland Park
3161,Macintyre's,Sandwiches,Tapas Bars,Pubs,,,,Woodley Park
3037,Lost & Found,Cocktail Bars,,,,,,Shaw
2407,Bistro Cacao,French,Brasseries,,,,,Capitol Hill
3064,Yosaku,Japanese,Sushi Bars,,,,,Tenleytown
3065,Tenley Bar & Grill,American (New),Gastropubs,Pizza,,,,Tenleytown
3067,Mad Hatter,Bars,American (Traditional),Breakfast & Brunch,,,,Dupont Circle
3250,Elephant & Castle,British,Pubs,,,,
2753,Acacia Bistro,Wine Bars,Mediterranean,,,,,Van Ness/Forest Hills
3160,Hot N Juicy Crawfish,Seafood,Cajun/Creole,,,,,Woodley Park
3162,New Heights Restaurant,American (New),,,,,,Woodley Park
2374,Tryst,Lounges,Coffee & Tea,American (Traditional),,,,Adams Morgan
2663,Firefly,American (New),Comfort Food,Breakfast & Brunch,,,,Dupont Circle
2322,Astor Mediterranean,Greek,Mediterranean,,,,
2355,Jack Rose Dining Saloon,Bars,American (Traditional),,,,
2378,Big Bear Cafe,Cafes,American (New),,,,,Bloomingdale
2528,Room 11,Wine Bars,American (New),Coffee & Tea,,,,Columbia Heights
2459,Bar 7,Lounges,,,,,
2492,Ping Pong Dim Sum,Dim Sum,Cocktail Bars,Asian Fusion,,,,Chinatown
2432,Kelly's Irish Times,Dive Bars,Pubs,Irish,,,
2383,The Pub & The People,American (New),Pubs,,,,,Bloomingdale
2405,Barrel,American (New),Cocktail Bars,Breakfast & Brunch,,,,Capitol Hill
2438,Tune Inn Restaurant & Bar,Dive Bars,American (Traditional),Pubs,,,,Capitol Hill
2875,Sol Mexican Grill,Mexican,,,,,,H Street Corridor/Atlas District/Near Northeast
2440,Young Chow,Chinese,,,,,,Capitol Hill
3223,American Ice Company,Barbeque,Bars,,,,
3224,Barcelona Wine Bar,Tapas/Small Plates,Wine Bars,Spanish,,,,Logan Circle
2449,La Plaza,Latin American,Mexican,,,,,Capitol Hill
3227,Hamilton's Bar & Grill,Sports Bars,,,,,
3246,The Manor,Cocktail Bars,American (New),,,,,Dupont Circle
2353,Muzette,Karaoke,Korean,,,,,Adams Morgan
3241,The Tavern at the Henley Park,American (Traditional),,,,,
2750,BlackSalt,Seafood,Breakfast & Brunch,,,,,Palisades
2627,Bar Charley,Bars,,,,,,Dupont Circle
2822,Breadsoda,Bars,Delis,Sandwiches,,,,Glover Park
2372,Tono Sushi,Sushi Bars,,,,,,Woodley Park
2441,Sona Creamery & Wine Bar,Wine Bars,Cheese Shops,,,,,Capitol Hill
2362,Meze,Turkish,Tapas Bars,,,,,Adams Morgan
3052,Wisdom,Lounges,,,,,,Barney Circle,Capitol Hill
3009,Poste Moderne Brasserie,Brasseries,Lounges,Breakfast & Brunch,,,,Penn Quarter
2600,Mari Vanna,Russian,,,,,
2746,Panda Cafe,Chinese,,,,,,Foggy Bottom
3103,JoJo Restaurant & Bar,American (Traditional),Jazz & Blues,Lounges,,,,U Street Corridor
3113,Restaurant Judy,Latin American,,,,,
3006,Penn Quarter Sports Tavern,Sports Bars,American (Traditional),,,,,Penn Quarter
2984,Gordon Biersch Brewery Restaurant,American (New),Breweries,,,,,Penn Quarter
2588,Kellari Taverna,Greek,Seafood,Bars,,,
2707,Nage Bistro,American (New),Seafood,,,,,Dupont Circle
2481,Legal Sea Foods,Seafood,Gluten-Free,,,,
2331,Bukom Cafe,African,,,,,,Adams Morgan
2456,La Piquette,French,,,,,
2495,Rocket Bar,Pool Halls,,,,,
2696,Lucky Bar,Pubs,Sports Bars,,,,,Dupont Circle
2712,Public Bar Dupont,Sports Bars,American (Traditional),,,,,Dupont Circle
2675,Grillfish,Seafood,Steakhouses,"Beer, Wine & Spirits",,,
2756,Chad's,Bars,American (Traditional),,,,,Friendship Heights
2786,ENO Wine Bar,Wine Bars,,,,,,Georgetown
2777,Clyde's,American (Traditional),Bars,,,,,Georgetown
2363,Mintwood Place,American (New),French,,,,,Adams Morgan
2776,Fiola Mare,Seafood,Italian,Cocktail Bars,,,
2519,El Chucho Cocina Superior,Mexican,,,,,,Columbia Heights
2360,Madam's Organ Blues Bar,Jazz & Blues,Music Venues,,,,,Adams Morgan
2941,Colony Club,Coffee & Tea,Cafes,Bars,,,,Park View
3049,Molly Malone's Capitol Hill Saloon,Irish,Sports Bars,,,,,Capitol Hill
2370,Soussi,Hookah Bars,Mediterranean,,,,,Adams Morgan
2808,Old Glory,Barbeque,Bars,American (Traditional),,,,Georgetown
2883,The Royal,Coffee & Tea,Latin American,Cocktail Bars,,,
2914,Purple Patch,Filipino,,,,,,Mount Pleasant
2961,Capitol City Brewing Company,Breweries,American (Traditional),,,,
2948,701 Restaurant,American (New),Jazz & Blues,,,,,Penn Quarter
3118,Masa 14,Asian Fusion,,,,,
2466,Busboys and Poets,Breakfast & Brunch,Vegan,Coffee & Tea,,,,U Street Corridor
2480,La Tasca,Spanish,Tapas Bars,,,,,Chinatown
2473,Hooters,Chicken Wings,Sports Bars,American (Traditional),,,,Shaw
2390,Brookland Pint,Bars,American (Traditional),,,,
3125,Piola,Pizza,Italian,,,,
3097,Dickson Wine Bar,Wine Bars,,,,,
2881,McClellan's Retreat,Bars,,,,,
3057,DeCarlo's,Italian,Comfort Food,,,,,American University Park
3076,Bar Pilar,American (New),Cocktail Bars,,,,
3077,Ben's Next Door,Bars,American (Traditional),,,,,U Street Corridor
3073,Alphonse Italian Market & Osteria,Italian,Specialty Food,,,,,U Street Corridor
2435,Stanton & Greene,American (New),Cocktail Bars,,,,,Capitol Hill
3028,Dacha Beer Garden,Beer Gardens,,,,,,Shaw
3078,Cafe Saint-Ex,Pubs,American (Traditional),,,,
2916,Agua 301,Mexican,,,,,,Navy Yard
2915,Philos,Mediterranean,Wine Bars,Tapas/Small Plates,,,
2919,The Big Stick,Bars,American (New),,,,,Navy Yard
2917,The Bachelor's Mill,Gay Bars,Dance Clubs,,,,,Navy Yard
2834,The Argonaut,Bars,American (Traditional),,,,
2873,Po Boy Jim,Cajun/Creole,Bars,American (New),,,,H Street Corridor/Atlas District/Near Northeast
2832,Town Hall,American (Traditional),Bars,American (New),,,,Glover Park
2538,14K Restaurant & Lounge,American (New),Lounges,,,,
2921,Due South,Southern,Cajun/Creole,Barbeque,,,,Navy Yard
2410,Billy Goat Tavern,Bars,American (Traditional),,,,
2922,Gordon Biersch Brewery Restaurant,American (New),Breweries,,,,,Penn Quarter
2425,La Loma,Mexican,,,,,,Capitol Hill
2932,Langston Bar & Grille,Southern,American (Traditional),Soul Food,,,,Kingman Park
2930,Bidwell,Bars,American (New),Breakfast & Brunch,,,
2952,Bibiana Osteria & Enoteca,Italian,,,,,
3180,Chuck & Billy's Bar,Restaurants,Dive Bars,,,,
2976,Denson Liquor Bar,Cocktail Bars,,,,,,Penn Quarter
2547,BlackFinn American Saloon,Sports Bars,American (Traditional),Pubs,,,
2446,Union Pub,Pubs,American (Traditional),,,,,Capitol Hill
2483,Lucky Strike,Lounges,Bowling,Sports Bars,,,
2570,High Velocity,Sports Bars,,,,,
2567,Green Lantern,Gay Bars,,,,,
2500,Ardeo + Bardeo,American (New),Breakfast & Brunch,,,,
2737,Circa,American (New),,,,,,Foggy Bottom
2844,Driftwood Kitchen,Bars,American (Traditional),Mediterranean,,,,H Street Corridor/Atlas District/Near Northeast
2978,Jaleo,Spanish,Tapas Bars,,,,,Penn Quarter
2427,Matchbox Vintage Pizza Bistro,Pizza,American (New),,,,,Chinatown
2548,BLT Steak DC,Steakhouses,Bars,,,,
2850,Granville Moore's,American (New),Belgian,Gastropubs,,,,H Street Corridor/Atlas District/Near Northeast
2736,Burger Tap & Shake,Burgers,,,,,,Foggy Bottom
2474,Flight,Vegan,American (New),Halal,,,
2665,Mai Thai,Thai,Sushi Bars,,,,,Georgetown
2666,The Front Page,Bars,American (Traditional),,,,,Dupont Circle
3226,Prequel,Wine Bars,Burgers,Seafood,,,
3110,The Prospect,Sports Bars,American (Traditional),,,,,U Street Corridor
3225,Ezme Restaurant & Wine Bar,Turkish,Mediterranean,Tapas/Small Plates,,,,Dupont Circle
2895,Drafting Table,Gastropubs,Breakfast & Brunch,,,,,Logan Circle
2899,Ghibellina,Italian,Cocktail Bars,Pizza,,,,Logan Circle
2900,Rice,Thai,,,,,,Logan Circle
2870,Kitty's Saloon,Bars,American (New),,,,,H Street Corridor/Atlas District/Near Northeast
2605,Nagomi Izakaya,Japanese,Tapas/Small Plates,,,,
2764,Bistrot Lepic & Wine Bar,French,Wine Bars,,,,,Georgetown
2733,Bayou,Music Venues,Cajun/Creole,,,,
2901,Logan Tavern,Bars,Burgers,American (New),,,,Logan Circle
2902,Sotto,Cocktail Bars,Jazz & Blues,Barbeque,,,,Logan Circle
2903,Teak Wood,Thai,Sushi Bars,,,,,Logan Circle
2904,Thai Tanic Restaurant,Thai,,,,,,Logan Circle
2908,Posto,Italian,,,,,,Logan Circle
2993,Laughing Man Tavern,American (Traditional),Sports Bars,,,,
2714,Russia House Restaurant & Lounge,Lounges,Russian,,,,
2719,Sign of the Whale,Dive Bars,,,,,
2730,The 51st State Tavern,Sports Bars,,,,,,Foggy Bottom
2681,Parlay,Lounges,Sports Bars,Cocktail Bars,,,
3238,Peace Lounge,Hookah Bars,Lounges,,,,
2989,Iron Horse Tap Room,Bars,,,,,,Penn Quarter
2701,City Tap House,Gastropubs,Bars,American (New),,,
2710,Zorba's Cafe,Greek,Pizza,Mediterranean,,,,Dupont Circle
2749,Tonic Restaurant,American (New),Southern,Bars,,,,Foggy Bottom
3041,Table,Modern European,,,,,,Shaw
2787,Epicurean and Company,Delis,Asian Fusion,Bars,,,,Georgetown
2539,Acadiana,Cajun/Creole,,,,,
2327,The Blaguard,Sports Bars,Irish,Gastropubs,,,
2324,Bedrock Billiards,Pool Halls,Lounges,Dive Bars,,,,Adams Morgan
2336,Duplex Diner,Bars,Diners,,,,
2892,Commissary,American (Traditional),American (New),,,,,Logan Circle
3201,Cities Restaurant & Lounge,American (Traditional),Lounges,,,,
3253,Dupont Italian Kitchen,Italian,,,,,,Dupont Circle
2450,Montmartre,French,,,,,,Capitol Hill
2577,Froggy Bottom Pub,Vietnamese,American (New),Pubs,,,
2862,The Star and Shamrock,Bars,Irish,Delis,,,,H Street Corridor/Atlas District/Near Northeast
2513,St. Arnold's,Bars,Seafood,,,,,Cleveland Park
3153,Soi 38,Thai,,,,,
2376,Uniontown Bar and Grill,American (Traditional),Lounges,Cajun/Creole,,,,Anacostia
2412,Cafe Berlin,German,Cafes,,,,,Capitol Hill
2339,The Diner,Diners,Bars,,,,,Adams Morgan
2618,Taberna Del Alabardero,Spanish,Tapas Bars,,,,
2806,Mr. Smith's of Georgetown,Bars,American (Traditional),,,,
2619,Vidalia,Southern,,,,,
2782,El Centro D.F.,Bars,Mexican,,,,,Georgetown
2858,Ocopa,Peruvian,,,,,
2860,Red Rocks Neopolitan Bistro,Pizza,Bars,,,,
2735,Charm Thai,Thai,,,,,
3237,Redline,American (Traditional),Sports Bars,,,,
3214,Black Jack,Lounges,Cocktail Bars,,,,,Logan Circle
2664,The Fireplace,Gay Bars,,,,,
3251,The Brixton,Bars,,,,,
3240,DNV Rooftop Lounge,Lounges,Breakfast & Brunch,Arts & Entertainment,,,
2531,Maple,Wine Bars,Italian,,,,,Columbia Heights
2479,Proof,American (New),Wine Bars,,,,
2537,The Wonderland Ballroom,Dance Clubs,Dive Bars,American (New),,,,Columbia Heights
3252,Bourbon,Bars,American (Traditional),,,,,Adams Morgan
2634,The Big Hunt,Pubs,,,,,,Dupont Circle
2442,Sonoma Restaurant and Wine Bar,American (New),Wine Bars,,,,,Capitol Hill
3158,Bar Civita,American (New),,,,,,Woodley Park
2534,Thip Khao,Laotian,,,,,,Columbia Heights
2529,Lou's City Bar,Sports Bars,,,,,,Columbia Heights
2341,Döner Bistro,German,,,,,
2460,Asian Spice,Asian Fusion,,,,,,Chinatown
2462,Bar Louie,Bars,American (New),,,,
3129,Sudhouse,Bars,Gastropubs,,,,,U Street Corridor
2411,Bullfeathers,American (Traditional),American (New),,,,,Capitol Hill
2579,Georgia Brown's,Southern,,,,,
3155,Ris,American (New),American (Traditional),Cocktail Bars,,,,West End
3163,Lebanese Taverna,Lebanese,,,,,,Woodley Park
2668,Gazuza Lounge,Hookah Bars,Lounges,,,,,Dupont Circle
2522,The Heights,American (New),,,,,,Columbia Heights
2821,Arcuri,American (New),Pizza,,,,,Glover Park
2650,DGS Delicatessen,Delis,,,,,,Dupont Circle
2688,Lauriol Plaza Restaurant,Mexican,Latin American,Spanish,,,,Dupont Circle
2403,Ambar Balkan Cuisine,Modern European,,,,,,Capitol Hill
2409,Beuchert's Saloon,Bars,American (New),Breakfast & Brunch,,,,Capitol Hill
2584,P.J. Clarke's,American (Traditional),Burgers,,,,
2925,Scarlet Oak,American (New),,,,,,Navy Yard
2928,Todd Gray's Watershed,American (New),Seafood,Breakfast & Brunch,,,,NoMa
2416,Capitol Lounge,Lounges,,,,,,Capitol Hill
2536,The Pinch,Dive Bars,Music Venues,American (Traditional),,,,Columbia Heights
2924,Kruba Thai & Sushi,Sushi Bars,Thai,,,,,Navy Yard
2927,Willie's Brew & Que,Sports Bars,Barbeque,,,,,Navy Yard
2399,San Antonio Bar & Grill,Tex-Mex,,,,,
2523,Pete's New Haven Style Apizza,Pizza,,,,,,Clarendon
2505,Cleveland Park Bar & Grill,Sports Bars,American (New),,,,,Cleveland Park
2552,Cafe Soleil,French,American (New),,,,
2521,Marx Cafe,Bars,Italian,Greek,,,,Mount Pleasant
2559,Edgar Bar and Kitchen,American (New),,,,,
2558,Eden,Dance Clubs,,,,,
2884,Avenue Cafe & Lounge,Venues & Event Spaces,American (Traditional),Professional Services,,,,Logan Circle
3023,Fig & Olive,French,Italian,Mediterranean,,,
2905,Number Nine,Gay Bars,,,,,,Logan Circle
2431,Johnny's Half Shell,Seafood,,,,,
3051,The Ugly Mug,American (Traditional),Pubs,Sports Bars,,,,Capitol Hill
3056,Station 4,American (New),Bars,Breakfast & Brunch,,,
3156,Westend Bistro,American (New),,,,,,West End
2964,Carmine's,Italian,,,,,,Penn Quarter
2965,Pi Pizzeria,Pizza,,,,,
2979,Ella's Wood-Fired Pizza,Pizza,,,,,
3022,Dulcinea Bar and Grill,Mexican,,,,,
3135,Tesoro Restaurant,Italian,,,,,,Van Ness/Forest Hills
3136,Bar Deco,American (New),"Beer, Wine & Spirits",,,,
3132,Tico DC,Mexican,Tapas/Small Plates,Latin American,,,,U Street Corridor
2695,Salty Dog Tavern,Bars,American (New),,,,,Dupont Circle
3060,Bread & Salt,Desserts,American (New),Breakfast & Brunch,,,,Tenleytown
3128,Solly's U Street Tavern,Music Venues,Bars,,,,,U Street Corridor
3069,1905 Restaurant,American (New),,,,,,Shaw
2687,Larry's Lounge,Lounges,Gay Bars,,,,,Dupont Circle
2677,Mourayo,Greek,Seafood,Mediterranean,,,
3131,Taqueria Nacional,Mexican,Vegetarian,Gluten-Free,,,,U Street Corridor
3175,Slate Wine Bar + Bistro,Wine Bars,American (New),,,,,Glover Park
2939,Sur la Place,Belgian,,,,,,Palisades
2713,Rebellion,Bars,,,,,,Dupont Circle
3230,Harry's Restaurant,Dive Bars,American (Traditional),,,,
2842,DC Harvest,American (New),,,,,,H Street Corridor/Atlas District/Near Northeast
2956,Boss Shepherd's Restaurant & Whiskey Bar,Restaurants,Pubs,,,,
2724,Thai Chef,Thai,Sushi Bars,,,,,Dupont Circle
2727,Urbana,Italian,Pizza,Cocktail Bars,,,,Dupont Circle
2729,Senart's Oyster & Chop House,Seafood,Breakfast & Brunch,Steakhouses,,,,Capitol Hill
2711,The Palm Restaurant,Steakhouses,Seafood,,,,,Dupont Circle
2652,Dirty Martini,American (New),Lounges,Mediterranean,,,,Dupont Circle
2606,Nooshi,Sushi Bars,,,,,
2702,Maddy's Bar and Grille,Bars,American (Traditional),,,,
2704,Sushi Taro,Sushi Bars,Japanese,,,,,Dupont Circle
3144,Al Dente,Pizza,Italian,,,,
2705,Mission,Mexican,Cocktail Bars,,,,,Dupont Circle
2799,Los Cuates,Mexican,,,,,,Georgetown
3203,1831 Bar and Lounge,Lounges,,,,,
2795,Il Canale,Italian,Pizza,,,,,Georgetown
2796,J. Paul's,American (Traditional),Breakfast & Brunch,Pretzels,,,,Georgetown
2813,Rí Rá,Burgers,Irish Pub,,,,,Georgetown
3143,Rappahanock Oyster Bar,Seafood,Bars,,,,
3145,Asia 54,Vietnamese,Sushi Bars,Thai,,,
3150,Juniper,American (Traditional),Street Vendors,,,,,West End
2992,Red Apron Butchery,Butcher,,,,,,Penn Quarter
3061,Guapo's,Mexican,Tex-Mex,,,,,Tenleytown
2557,Catch 15,Bars,Italian,Seafood,,,
2837,Boundary Road Restaurant,American (Traditional),,,,,,H Street Corridor/Atlas District/Near Northeast
3169,Open City,American (Traditional),Diners,Pizza,,,,Woodley Park
2863,Vendetta,Bars,American (New),,,,,H Street Corridor/Atlas District/Near Northeast
2430,Nana Thai,Thai,Sushi Bars,,,,,Capitol Hill
2878,Touché,American (New),,,,,,H Street Corridor/Atlas District/Near Northeast
3112,Pure Lounge,Lounges,Music Venues,Social Clubs,,,,U Street Corridor
2853,The Pursuit Wine Bar,Wine Bars,,,,,
3126,Policy Restaurant & Lounge,American (New),Bars,Breakfast & Brunch,,,,U Street Corridor
3114,Local 16,Lounges,American (New),,,,,U Street Corridor
3117,Marvin,Lounges,Belgian,Southern,,,,U Street Corridor
3133,Vinoteca Wine Bar & Bistro,Wine Bars,American (New),,,,,U Street Corridor
3098,Dino's Grotto,Italian,Wine Bars,,,,,U Street Corridor
3096,Desperados,Burgers,,,,,,U Street Corridor
2542,Bobby Van's Grill,American (Traditional),Steakhouses,Seafood,,,
3183,Shenanigan's Irish Pub,Pubs,Irish,,,,,Adams Morgan
3104,El Centro D.F.,Mexican,Bars,,,,
2357,Pop's SeaBar,Dive Bars,Seafood,Fish & Chips,,,,Adams Morgan
3164,LiLLiES Restaurant & Bar,Mediterranean,Bars,Italian,,,,Woodley Park
2757,Maggiano's Little Italy,Italian,,,,,,Friendship Heights
2818,The Tombs,Bars,Barbeque,American (New),,,,Georgetown
2819,Tony & Joe's Seafood Place,Seafood,American (Traditional),Bars,,,
2375,Ventnor Sports Cafe,Sports Bars,American (Traditional),Chicken Wings,,,,Adams Morgan
2550,Brasserie Beck,Belgian,Modern European,,,,
2398,Menomalé Pizza Napoletana,Bars,Pizza,,,,,Brookland
2337,Columbia Station,Jazz & Blues,American (New),,,,,Adams Morgan
2872,Nomad Hookah Bar,Hookah Bars,Lounges,,,,,H Street Corridor/Atlas District/Near Northeast
2781,Hashi Sushi,Japanese,Sushi Bars,,,,,Georgetown
2352,Grill from Ipanema,Brazilian,Tapas/Small Plates,,,,,Adams Morgan
2859,The Queen Vic,Pubs,British,Fish & Chips,,,,H Street Corridor/Atlas District/Near Northeast
2793,I-Thai,Thai,Sushi Bars,,,,,Georgetown
3137,Barcelona Wine Bar,Tapas/Small Plates,Spanish,Wine Bars,,,
2960,DBGB Kitchen and Bar,American (New),French,Desserts,,,
3127,Red Lounge Bar & Grill,Lounges,Caribbean,,,,,U Street Corridor
3011,Sei,Sushi Bars,Asian Fusion,Japanese,,,,Penn Quarter
2623,Alero Restaurant,Mexican,,,,,,U Street Corridor
2624,Ankara,Mediterranean,Turkish,,,,,Dupont Circle
2625,Annie's Paramount Steakhouse,Steakhouses,,,,,,Dupont Circle
2494,R.F.D. Washington,Bars,American (Traditional),,,,,Chinatown
2747,Jardenea,American (New),,,,,,Foggy Bottom
2754,The Cheesecake Factory,Desserts,American (Traditional),,,,,Clarendon
2716,Sauf Haus Bier Hall & Garden,German,Beer Gardens,,,,,Dupont Circle
2613,Rumors,Bars,,,,,
2855,Smith Commons,American (New),,,,,,H Street Corridor/Atlas District/Near Northeast
2641,Café Citron,Latin American,Bars,Dance Clubs,,,,Dupont Circle
2642,Darlington House,American (New),Italian,,,,,Dupont Circle
3166,Medaterra,Mediterranean,,,,,,Woodley Park
3105,El Rey,Mexican,Beer Gardens,,,,,U Street Corridor
3106,Kapnos,Greek,Breakfast & Brunch,Tapas/Small Plates,,,
3107,The Fainting Goat,American (New),Bars,,,,,U Street Corridor
3138,Casa Luca,Italian,,,,,
3219,Blue 44,American (New),,,,,,Chevy Chase
3242,The Meeting Place,Karaoke,Burgers,Chicken Wings,,,
2424,Dubliner Restaurant & Pub,Pubs,Irish,,,,
2477,Irish Channel Restaurant & Pub,Pubs,Irish,Irish Pub,,,,Chinatown
